price,area,bedrooms,bathrooms,stories,mainroad,guestroom,basement,hotwaterheating,airconditioning,parking,prefarea,furnishingstatus
0.9999999999999999,0.7740112994350283,0.4000000000000001,0.5,4,yes,no,no,no,1,2,no,0
0.9902912621359222,0.3333333333333333,0.4000000000000001,0.5,2,yes,yes,no,no,1,2,no,0
0.9854368932038834,0.5389830508474576,0.4000000000000001,0.5,2,yes,no,no,no,1,1,yes,1
0.9708737864077669,0.3016949152542373,0.4000000000000001,0.0,2,yes,no,yes,yes,0,2,no,1
0.9611650485436892,0.6220338983050848,0.4000000000000001,0.5,1,yes,yes,yes,no,1,2,no,2
0.9563106796116504,0.7231638418079096,0.4000000000000001,0.0,1,yes,yes,yes,no,1,1,no,0
0.9563106796116504,0.3288135593220339,0.4000000000000001,0.5,2,yes,yes,yes,no,1,1,no,0
0.9466019417475727,0.807909604519774,0.4000000000000001,0.5,2,yes,no,no,no,1,2,no,0
0.9417475728155339,0.5525423728813559,0.6000000000000001,0.5,2,yes,yes,yes,no,1,2,yes,0
0.9310679611650484,0.4915254237288135,0.4000000000000001,0.5,4,yes,yes,yes,no,1,0,yes,1
0.9223300970873786,0.8163841807909604,0.4000000000000001,0.0,1,yes,no,no,no,0,1,no,1
0.9223300970873786,0.7118644067796609,0.8,0.5,2,yes,no,yes,yes,0,2,no,2
0.9223300970873786,0.43502824858757067,0.6000000000000001,0.5,2,yes,no,yes,no,1,1,yes,1
0.9223300970873786,0.6581920903954803,0.4000000000000001,0.5,4,yes,no,no,no,1,2,no,2
0.9223300970873786,0.6045197740112995,0.4000000000000001,0.0,4,yes,no,no,no,1,2,no,1
0.9077669902912621,0.3649717514124294,0.6000000000000001,0.5,2,yes,no,no,no,1,1,yes,0
0.8932038834951456,0.4870056497175141,0.4000000000000001,1.0,2,yes,yes,yes,no,0,1,no,2
0.8834951456310679,0.5864406779661018,0.8,0.0,2,yes,yes,yes,no,1,1,no,0
0.8780776699029126,0.6045197740112995,0.4000000000000001,0.5,4,yes,no,no,no,1,2,no,0
0.8728155339805824,0.6589830508474577,0.4000000000000001,0.5,3,yes,no,no,yes,0,1,yes,0
0.8640776699029126,0.8305084745762712,0.6000000000000001,0.5,4,yes,no,no,no,1,2,no,0
0.861650485436893,0.4915254237288135,0.4000000000000001,0.0,4,yes,yes,no,no,1,2,no,2
0.8543689320388349,0.4915254237288135,0.6000000000000001,0.5,4,yes,no,no,no,1,1,no,1
0.8495145631067961,0.5536723163841808,0.4000000000000001,0.0,2,yes,no,yes,no,1,0,yes,0
0.8446601941747572,0.5322033898305085,0.4000000000000001,0.5,4,yes,no,no,no,1,0,yes,0
0.8252427184466019,0.5457627118644068,0.4000000000000001,0.5,4,yes,no,no,no,1,2,no,2
0.8252427184466019,0.4915254237288135,0.6000000000000001,0.5,4,yes,no,no,no,0,2,no,1
0.8058252427184466,0.4915254237288135,0.6000000000000001,0.5,4,yes,no,no,no,1,1,no,0
0.8058252427184466,0.4915254237288135,0.4000000000000001,0.5,3,yes,no,no,no,1,0,no,1
0.8009708737864077,0.4915254237288135,0.4000000000000001,0.5,4,yes,no,no,no,1,1,no,0
0.7961165048543689,0.5593220338983051,0.4000000000000001,0.0,4,yes,no,no,no,1,3,yes,0
0.7912621359223301,0.2994350282485876,0.4000000000000001,0.5,2,yes,no,yes,no,0,1,no,2
0.7864077669902912,0.6542372881355931,0.4000000000000001,0.5,1,yes,yes,yes,no,1,0,yes,1
0.7864077669902912,0.6542372881355931,0.4000000000000001,0.5,4,yes,no,no,no,0,1,yes,2
0.7864077669902912,0.5282485875706215,0.4000000000000001,0.0,4,yes,no,no,no,1,1,no,2
0.7766990291262136,0.4915254237288135,0.6000000000000001,0.5,4,yes,yes,no,no,1,1,no,0
0.7766990291262136,0.39548022598870053,0.4000000000000001,0.5,4,yes,no,no,no,1,2,no,1
0.7766990291262136,0.4915254237288135,0.4000000000000001,0.5,2,yes,yes,no,no,1,1,no,1
0.7766990291262136,0.4915254237288135,0.4000000000000001,0.0,2,yes,no,no,no,1,1,no,2
0.7621359223300971,0.8305084745762712,0.6000000000000001,0.5,4,yes,yes,no,no,1,1,yes,0
0.7572815533980581,0.6813559322033897,0.6000000000000001,0.5,4,yes,yes,no,no,1,1,no,1
0.7572815533980581,0.4915254237288135,0.4000000000000001,0.5,4,yes,yes,no,no,1,1,no,0
0.7475728155339805,0.4915254237288135,0.4000000000000001,0.5,2,yes,yes,no,no,0,1,no,1
0.7378640776699028,0.8169491525423729,0.2,0.0,1,yes,no,no,no,1,1,no,1
0.7378640776699028,0.5186440677966102,0.6000000000000001,0.5,2,yes,no,no,no,1,1,no,0
0.733009708737864,0.5322033898305085,0.6000000000000001,0.5,3,yes,no,no,no,1,2,yes,0
0.7184466019417475,0.8169491525423729,0.4000000000000001,0.5,2,yes,no,yes,no,1,1,no,0
0.7135922330097086,0.6836158192090396,0.4000000000000001,0.5,1,yes,no,no,no,0,2,no,2
0.7087378640776698,0.4915254237288135,0.4000000000000001,0.0,1,yes,no,no,no,1,1,no,0
0.6990291262135921,0.2655367231638418,0.4000000000000001,0.5,2,yes,no,yes,no,1,0,yes,1
0.6941747572815533,0.4915254237288135,0.6000000000000001,0.5,4,yes,no,no,no,1,0,no,2
0.6893203883495145,0.3807909604519774,0.4000000000000001,0.0,4,yes,no,no,no,1,0,yes,2
0.6844660194174756,0.5593220338983051,0.2,0.5,4,yes,no,yes,no,0,0,yes,0
0.6796116504854368,0.27005649717514124,0.4000000000000001,0.0,2,yes,no,yes,yes,0,1,no,0
0.6796116504854368,0.29491525423728815,0.6000000000000001,0.5,2,yes,no,no,yes,0,0,no,1
0.6796116504854368,0.5389830508474576,0.4000000000000001,0.5,3,yes,no,no,no,1,0,yes,0
0.6796116504854368,0.5480225988700564,0.4000000000000001,0.5,3,yes,no,no,no,1,0,yes,0
0.6796116504854368,0.45762711864406774,0.4000000000000001,0.0,1,yes,yes,yes,no,1,2,yes,0
0.6796116504854368,0.4915254237288135,0.4000000000000001,0.5,3,yes,yes,no,no,1,0,no,0
0.6766990291262135,0.4915254237288135,0.4000000000000001,0.0,2,yes,no,no,yes,0,1,yes,1
0.674757281553398,0.2655367231638418,0.4000000000000001,0.5,2,yes,no,yes,no,1,1,no,1
0.674757281553398,1.0,0.4000000000000001,0.5,1,yes,no,yes,no,1,1,yes,0
0.6699029126213591,0.4915254237288135,0.4000000000000001,0.5,4,yes,no,no,no,1,0,no,1
0.6601941747572815,0.23841807909604518,0.4000000000000001,0.0,2,yes,no,no,yes,0,2,no,1
0.6601941747572815,0.7457627118644068,0.4000000000000001,0.5,3,yes,no,no,no,1,0,no,0
0.6601941747572815,0.5672316384180791,0.4000000000000001,0.0,3,yes,no,yes,no,0,0,yes,2
0.6553398058252426,0.26101694915254237,0.4000000000000001,0.0,1,yes,no,yes,no,0,2,no,1
0.6553398058252426,0.6508474576271186,0.4000000000000001,0.0,1,yes,yes,yes,no,1,2,yes,2
0.6504854368932038,0.7830508474576272,0.8,1.0,2,yes,no,no,no,0,2,no,0
0.6504854368932038,0.3785310734463277,0.4000000000000001,0.0,2,yes,no,no,no,1,0,no,1
0.6475728155339805,0.576271186440678,0.2,0.0,1,yes,yes,yes,no,0,2,yes,0
0.645631067961165,0.3559322033898305,0.4000000000000001,0.5,4,yes,yes,no,no,1,0,no,0
0.6310679611650485,0.6271186440677965,0.4000000000000001,0.5,1,yes,no,yes,no,1,3,no,1
0.6310679611650485,0.4915254237288135,0.6000000000000001,0.5,4,yes,no,no,no,0,1,no,1
0.6310679611650485,0.2768361581920904,0.4000000000000001,0.5,3,yes,no,no,no,1,2,no,1
0.6310679611650485,0.8305084745762712,0.4000000000000001,0.0,1,yes,no,yes,no,0,1,yes,0
0.6310679611650485,0.536723163841808,0.4000000000000001,0.0,1,yes,yes,yes,no,1,1,yes,1
0.6300970873786407,0.5593220338983051,0.4000000000000001,0.5,3,yes,no,no,no,1,0,yes,2
0.6262135922330097,0.4915254237288135,0.6000000000000001,0.0,3,yes,yes,yes,no,0,0,yes,2
0.6213592233009708,0.5593220338983051,0.4000000000000001,0.5,1,yes,no,yes,no,1,0,yes,2
0.6213592233009708,0.43502824858757067,0.4000000000000001,0.0,3,yes,no,no,no,0,1,yes,2
0.616504854368932,0.43502824858757067,0.4000000000000001,0.5,4,yes,yes,no,no,1,1,no,1
0.616504854368932,0.5310734463276836,0.4000000000000001,0.5,3,yes,yes,no,no,1,0,no,0
0.616504854368932,0.43502824858757067,0.4000000000000001,0.5,1,yes,yes,yes,no,0,2,yes,0
0.6116504854368932,0.3220338983050847,0.4000000000000001,0.0,4,yes,no,no,no,1,0,no,2
0.6116504854368932,0.4293785310734463,0.6000000000000001,0.5,1,yes,no,yes,no,1,0,yes,1
0.6067961165048543,0.5389830508474576,0.4000000000000001,0.0,3,yes,no,yes,no,0,0,yes,2
0.6043689320388349,0.17966101694915254,0.6000000000000001,0.0,3,yes,no,no,no,0,1,no,1
0.6019417475728155,0.5610169491525423,0.6000000000000001,0.5,2,yes,yes,no,yes,0,1,no,1
0.6019417475728155,0.5593220338983051,0.4000000000000001,0.0,1,yes,yes,yes,no,0,2,yes,1
0.6019417475728155,0.75954802259887,0.4000000000000001,0.0,3,yes,no,no,no,1,2,no,2
0.6009708737864077,0.2994350282485876,1.0000000000000002,0.5,2,yes,no,no,no,0,0,no,0
0.6009708737864077,0.9005649717514124,0.4000000000000001,0.0,1,yes,no,yes,no,0,2,yes,0
0.5922330097087378,0.5819209039548023,0.2,0.0,1,yes,yes,yes,no,0,2,no,0
0.5922330097087378,0.7175141242937852,0.4000000000000001,0.0,1,yes,yes,yes,no,1,2,yes,1
0.5922330097087378,0.5932203389830508,0.4000000000000001,0.5,1,yes,yes,yes,no,0,0,yes,2
0.5825242718446602,0.23163841807909602,0.6000000000000001,0.0,2,yes,yes,no,no,1,0,no,0
0.5825242718446602,0.5389830508474576,0.4000000000000001,0.0,1,yes,no,yes,no,1,0,yes,0
0.5825242718446602,0.6067796610169491,0.4000000000000001,0.0,1,yes,no,yes,no,1,2,yes,1
0.5825242718446602,0.5525423728813559,0.4000000000000001,0.0,1,yes,yes,yes,no,0,2,yes,0
0.5825242718446602,0.6306214689265537,0.4000000000000001,0.0,2,yes,yes,yes,no,1,0,yes,1
0.5825242718446602,0.5202259887005649,0.6000000000000001,0.5,1,yes,no,yes,no,0,1,yes,1
0.5825242718446602,0.6406779661016948,0.6000000000000001,0.5,2,yes,no,no,no,0,0,no,0
0.5825242718446602,0.5508474576271187,0.4000000000000001,0.5,4,yes,no,no,no,0,1,no,0
0.5728155339805825,0.6225988700564971,0.4000000000000001,0.0,1,yes,no,yes,no,0,2,yes,2
0.5728155339805825,0.5480225988700564,0.4000000000000001,0.5,3,yes,no,no,no,1,0,no,2
0.5718446601941747,0.43502824858757067,0.4000000000000001,0.0,3,yes,yes,no,no,1,1,no,0
0.570873786407767,0.3559322033898305,0.4000000000000001,0.0,1,yes,yes,yes,no,0,0,no,2
0.5631067961165048,0.47209039548022597,0.6000000000000001,0.0,4,yes,yes,no,no,0,0,no,1
0.5631067961165048,0.4011299435028249,0.4000000000000001,0.0,3,yes,no,no,no,1,0,no,1
0.5631067961165048,0.3559322033898305,0.4000000000000001,0.0,3,yes,no,no,no,1,0,no,2
0.562135922330097,0.6045197740112995,0.4000000000000001,0.0,1,yes,no,yes,no,0,2,yes,1
0.558252427184466,0.4915254237288135,0.4000000000000001,0.5,4,yes,no,no,no,1,0,no,2
0.5533980582524272,0.42372881355932207,0.6000000000000001,0.5,2,yes,no,no,no,1,2,no,2
0.5533980582524272,0.33785310734463275,0.6000000000000001,0.0,2,yes,no,no,no,0,1,no,1
0.5533980582524272,0.3785310734463277,0.4000000000000001,0.0,3,yes,no,no,no,1,0,no,1
0.5533980582524272,0.5322033898305085,0.4000000000000001,0.0,1,yes,yes,yes,no,1,2,yes,0
0.5533980582524272,0.46892655367231634,0.4000000000000001,0.5,4,yes,no,no,no,1,0,no,2
0.5412621359223301,0.5661016949152542,0.6000000000000001,0.5,2,yes,yes,yes,no,0,1,yes,1
0.5339805825242718,1.0,0.6000000000000001,0.5,2,yes,no,no,no,0,1,no,1
0.5339805825242718,0.3559322033898305,0.8,0.5,3,no,no,yes,yes,0,0,no,2
0.5339805825242718,0.3446327683615819,0.6000000000000001,0.0,2,yes,yes,yes,no,1,1,no,0
0.5339805825242718,0.3785310734463277,0.4000000000000001,0.0,4,yes,no,no,no,0,0,no,0
0.5339805825242718,1.0,0.2,0.0,1,yes,no,no,no,0,1,no,1
0.5339805825242718,0.43502824858757067,0.4000000000000001,0.5,2,yes,no,no,no,0,1,no,1
0.5339805825242718,0.5322033898305085,0.4000000000000001,0.0,3,yes,no,no,no,0,0,yes,1
0.5339805825242718,0.5593220338983051,0.6000000000000001,0.5,1,yes,no,yes,no,0,0,yes,1
0.5339805825242718,0.3938983050847457,0.4000000000000001,0.0,2,yes,yes,yes,no,1,0,yes,2
0.529126213592233,0.3107344632768361,0.6000000000000001,0.0,2,yes,no,no,no,1,2,yes,1
0.529126213592233,0.42372881355932207,0.8,0.0,2,yes,yes,yes,no,1,0,yes,0
0.5242718446601942,0.1864406779661017,0.4000000000000001,1.0,2,yes,no,yes,no,0,0,no,1
0.5242718446601942,0.22598870056497172,0.4000000000000001,0.5,2,yes,no,no,no,0,2,no,1
0.5242718446601942,0.5028248587570621,0.4000000000000001,0.5,1,yes,no,yes,no,0,2,yes,0
0.5233009708737864,0.5932203389830508,0.4000000000000001,0.0,1,yes,yes,yes,no,0,0,yes,1
0.5194174757281553,0.131864406779661,0.6000000000000001,0.5,2,no,yes,yes,no,0,1,no,0
0.5194174757281553,0.7152542372881356,0.4000000000000001,0.0,1,yes,no,no,no,0,2,no,1
0.5145631067961165,0.1694915254237288,0.4000000000000001,0.5,1,yes,yes,yes,no,1,0,no,0
0.5145631067961165,0.5152542372881357,0.6000000000000001,0.0,4,yes,yes,no,no,1,0,no,0
0.5145631067961165,0.5028248587570621,0.4000000000000001,0.0,3,yes,yes,no,no,1,0,yes,1
0.5145631067961165,0.5593220338983051,0.6000000000000001,0.5,2,yes,yes,yes,no,0,0,yes,1
0.5097087378640777,0.5847457627118644,0.4000000000000001,0.0,1,yes,yes,yes,no,1,0,yes,1
0.5048543689320388,0.5717514124293785,0.4000000000000001,0.5,2,yes,yes,yes,no,0,1,yes,0
0.503883495145631,0.5423728813559321,0.4000000000000001,0.5,1,yes,yes,yes,yes,0,0,no,2
0.49514563106796117,0.6949152542372881,0.4000000000000001,0.0,1,yes,no,yes,no,1,2,yes,2
0.49029126213592233,0.3333333333333333,0.2,0.5,1,yes,no,no,no,1,2,no,1
0.4854368932038835,0.29491525423728815,0.6000000000000001,0.0,2,yes,no,yes,no,1,0,no,0
0.4854368932038835,0.5525423728813559,0.6000000000000001,0.5,2,no,no,no,no,1,0,no,1
0.4854368932038835,0.43502824858757067,0.4000000000000001,0.5,1,yes,no,yes,no,0,0,no,1
0.4854368932038835,0.9738983050847458,0.4000000000000001,0.0,1,yes,no,no,no,0,1,yes,1
0.4854368932038835,0.7627118644067796,0.4000000000000001,0.0,2,yes,yes,yes,no,1,2,yes,2
0.4854368932038835,0.4124293785310735,0.6000000000000001,0.5,1,yes,no,no,no,1,0,yes,2
0.4854368932038835,0.24293785310734461,0.4000000000000001,0.0,2,yes,yes,yes,no,0,1,yes,2
0.4854368932038835,0.92090395480226,0.6000000000000001,0.5,2,yes,yes,no,no,0,2,no,1
0.4854368932038835,0.7762711864406779,0.4000000000000001,0.0,1,yes,no,no,no,1,2,no,0
0.4844660194174757,0.4971751412429379,0.4000000000000001,0.0,1,yes,no,yes,no,0,0,yes,1
0.4825242718446602,0.6141242937853106,0.4000000000000001,0.0,1,yes,yes,yes,no,0,2,yes,1
0.48058252427184467,0.17288135593220338,0.4000000000000001,0.5,2,yes,no,no,no,0,2,no,1
0.48058252427184467,0.3220338983050847,0.6000000000000001,0.5,1,no,no,yes,no,1,2,no,1
0.48058252427184467,0.6271186440677965,0.4000000000000001,0.0,2,yes,yes,yes,no,0,1,yes,0
0.4708737864077669,0.19887005649717515,0.4000000000000001,0.0,2,no,no,no,no,1,0,no,1
0.4708737864077669,0.7152542372881356,0.4000000000000001,0.0,1,yes,no,no,no,0,1,yes,1
0.46601941747572806,0.15254237288135591,0.4000000000000001,0.5,2,yes,yes,yes,no,0,0,no,0
0.46601941747572806,0.15254237288135591,0.4000000000000001,0.0,2,yes,no,yes,no,0,0,no,2
0.46601941747572806,0.5028248587570621,0.4000000000000001,0.0,1,yes,no,yes,no,1,0,yes,1
0.4611650485436892,0.45988700564971746,0.2,0.0,2,yes,no,no,no,1,0,yes,2
0.4563106796116504,0.21355932203389832,0.2,0.0,1,no,yes,yes,no,0,0,no,1
0.4563106796116504,0.6723163841807909,0.6000000000000001,0.0,2,yes,no,no,no,1,2,no,0
0.4563106796116504,0.5593220338983051,0.4000000000000001,0.0,1,yes,yes,yes,no,0,0,yes,0
0.4553398058252427,0.3559322033898305,0.2,0.0,1,yes,yes,yes,no,0,0,no,1
0.45145631067961156,0.7344632768361581,0.4000000000000001,0.5,1,yes,yes,yes,no,0,0,no,1
0.44660194174757273,0.311864406779661,0.6000000000000001,1.0,2,yes,no,yes,no,0,2,no,1
0.44660194174757273,0.6820338983050847,0.4000000000000001,0.0,1,yes,yes,yes,yes,0,0,no,1
0.4446601941747572,0.12994350282485873,0.4000000000000001,0.5,2,no,no,yes,no,1,1,no,1
0.4417475728155339,0.4856497175141243,0.4000000000000001,0.0,2,yes,no,no,no,1,0,no,1
0.4378640776699029,0.288135593220339,0.4000000000000001,0.0,2,yes,no,no,no,0,1,no,0
0.43689320388349506,0.32429378531073444,0.4000000000000001,0.0,2,yes,no,yes,no,1,0,no,1
0.43689320388349506,0.27627118644067794,0.4000000000000001,0.0,2,no,yes,yes,no,1,0,no,1
0.43689320388349506,0.2790960451977401,0.2,0.0,1,yes,no,yes,no,0,1,no,1
0.43689320388349506,0.42372881355932207,0.6000000000000001,0.0,2,yes,no,no,no,0,0,no,1
0.43689320388349506,0.35254237288135587,0.4000000000000001,0.0,1,yes,yes,yes,no,0,0,no,1
0.43689320388349506,0.5254237288135593,0.4000000000000001,0.0,1,yes,no,no,no,1,2,no,1
0.43689320388349506,0.46892655367231634,0.2,0.0,1,yes,yes,yes,no,1,0,no,1
0.43689320388349506,0.15254237288135591,0.4000000000000001,0.0,2,yes,no,yes,no,1,0,no,1
0.43689320388349506,0.14915254237288134,0.4000000000000001,0.0,3,yes,no,no,no,0,0,no,1
0.43689320388349506,0.5728813559322035,0.4000000000000001,0.0,1,yes,no,no,no,0,0,no,2
0.43689320388349506,0.33853107344632766,0.4000000000000001,0.0,2,yes,yes,yes,no,0,2,no,1
0.43592233009708736,0.2,0.6000000000000001,0.5,2,yes,no,yes,no,1,2,no,1
0.43592233009708736,0.37796610169491524,0.6000000000000001,0.5,1,yes,no,yes,no,0,0,no,1
0.43203883495145623,0.30508474576271183,0.2,0.0,1,yes,no,yes,no,0,0,no,2
0.4271844660194174,0.28361581920903955,0.4000000000000001,0.0,3,yes,no,no,no,0,0,no,2
0.4271844660194174,0.49604519774011296,0.4000000000000001,0.0,1,yes,no,no,no,0,2,yes,1
0.4271844660194174,0.5889265536723163,0.4000000000000001,0.0,2,yes,no,no,no,1,2,yes,0
0.4271844660194174,0.35762711864406777,0.2,0.0,1,yes,no,no,no,1,0,yes,1
0.42233009708737856,0.6045197740112995,0.4000000000000001,0.0,2,yes,no,yes,no,0,0,no,2
0.42233009708737856,0.728813559322034,0.6000000000000001,0.0,4,yes,no,yes,no,1,2,no,1
0.41844660194174754,0.2,0.6000000000000001,0.5,2,yes,no,no,no,0,0,no,1
0.41747572815533973,0.8492655367231638,0.2,0.0,1,yes,no,yes,no,1,2,no,1
0.41747572815533973,0.5277966101694915,0.4000000000000001,0.0,2,yes,no,yes,no,1,1,no,0
0.41747572815533973,0.9706214689265538,0.2,0.0,1,yes,no,no,no,1,2,yes,2
0.41650485436893203,0.5412429378531074,0.2,0.0,1,yes,no,no,no,1,3,no,1
0.40776699029126207,0.39774011299435025,0.4000000000000001,0.0,4,yes,no,no,no,1,0,no,1
0.40776699029126207,0.4915254237288135,0.2,0.0,1,yes,no,yes,no,1,1,no,0
0.40776699029126207,0.223728813559322,0.4000000000000001,0.0,2,yes,no,no,no,0,2,no,1
0.40776699029126207,0.9058757062146894,0.6000000000000001,0.5,2,yes,yes,yes,no,0,1,no,1
0.40776699029126207,0.42372881355932207,0.2,0.0,2,yes,no,no,no,0,0,yes,1
0.40776699029126207,0.3016949152542373,0.4000000000000001,0.0,1,yes,no,no,no,0,0,yes,1
0.40291262135922323,0.23672316384180792,0.4000000000000001,0.0,2,yes,no,yes,no,0,0,no,0
0.3980582524271844,0.28361581920903955,0.4000000000000001,0.0,1,yes,yes,yes,no,1,0,no,2
0.3980582524271844,0.2519774011299435,0.4000000000000001,0.5,2,yes,no,yes,no,0,2,no,1
0.3980582524271844,0.455367231638418,0.4000000000000001,0.0,2,yes,yes,no,no,1,1,no,1
0.3980582524271844,0.13785310734463274,0.2,0.0,2,yes,yes,yes,no,0,0,yes,1
0.3980582524271844,0.3796610169491525,0.4000000000000001,0.0,2,yes,no,yes,no,0,0,no,1
0.3970873786407767,0.32316384180790964,0.6000000000000001,0.5,2,yes,no,yes,no,0,0,no,1
0.39320388349514557,0.2655367231638418,0.4000000000000001,0.0,2,yes,no,no,no,0,1,no,0
0.39320388349514557,0.24745762711864405,0.4000000000000001,0.0,2,yes,no,no,no,0,1,yes,1
0.38834951456310673,0.23841807909604518,0.4000000000000001,0.0,1,yes,no,no,no,0,2,no,1
0.38834951456310673,0.22485875706214686,0.4000000000000001,0.0,2,yes,no,no,no,1,0,no,0
0.38834951456310673,0.1016949152542373,0.4000000000000001,0.0,2,yes,no,yes,no,0,0,no,0
0.38834951456310673,0.4146892655367232,0.4000000000000001,0.0,2,yes,yes,yes,no,0,0,yes,1
0.38834951456310673,0.41920903954802263,0.4000000000000001,0.0,2,yes,no,no,no,0,2,yes,2
0.38834951456310673,0.2112994350282486,0.4000000000000001,0.0,1,yes,no,no,no,0,0,yes,1
0.38834951456310673,0.7627118644067796,0.6000000000000001,0.0,4,yes,no,no,no,0,3,no,2
0.38737864077669903,0.2768361581920904,0.2,0.5,1,yes,yes,yes,no,0,0,no,1
0.38737864077669903,0.3774011299435028,0.6000000000000001,0.5,2,yes,yes,yes,no,0,0,yes,0
0.3834951456310679,0.21016949152542375,0.4000000000000001,0.0,3,yes,no,no,no,0,0,no,1
0.3834951456310679,0.2033898305084746,0.4000000000000001,0.0,2,yes,no,yes,no,0,1,no,1
0.3834951456310679,0.927683615819209,0.4000000000000001,0.0,1,yes,no,no,no,0,0,no,1
0.3834951456310679,0.2112994350282486,0.2,0.0,2,yes,no,no,no,0,0,yes,0
0.37864077669902907,0.32316384180790964,0.6000000000000001,0.0,2,yes,no,no,no,1,2,no,1
0.37864077669902907,0.47853107344632767,0.2,0.0,1,yes,no,no,no,1,1,no,2
0.37864077669902907,0.2655367231638418,0.4000000000000001,0.0,2,yes,no,no,no,0,2,no,0
0.37864077669902907,0.7457627118644068,0.4000000000000001,0.0,1,yes,no,no,no,0,0,no,0
0.37864077669902907,0.27005649717514124,0.4000000000000001,0.0,2,yes,no,no,no,0,1,no,1
0.37766990291262137,0.5322033898305085,0.2,0.0,1,yes,no,yes,no,1,1,no,0
0.37766990291262137,0.17084745762711862,0.4000000000000001,0.0,2,yes,no,no,no,1,1,no,0
0.37766990291262137,0.21016949152542375,0.4000000000000001,0.0,2,yes,no,no,no,0,0,no,1
0.37378640776699024,0.23728813559322032,0.2,0.0,1,yes,yes,yes,no,0,0,no,1
0.3689320388349514,0.2619209039548023,0.4000000000000001,0.0,2,no,no,no,no,0,0,no,1
0.3689320388349514,0.3672316384180791,0.2,0.0,2,yes,no,yes,no,0,0,no,1
0.3679611650485437,0.1389830508474576,0.4000000000000001,0.0,2,yes,no,no,no,0,0,yes,1
0.3679611650485437,0.3649717514124294,0.4000000000000001,0.0,1,yes,no,no,no,0,2,yes,2
0.3679611650485437,0.3694915254237288,0.4000000000000001,0.0,2,yes,no,no,no,0,1,no,1
0.3650485436893204,0.37288135593220334,0.6000000000000001,0.0,2,yes,no,no,no,1,0,no,1
0.36407766990291257,0.2542372881355932,0.4000000000000001,0.0,2,yes,no,no,no,0,0,no,2
0.35922330097087374,0.3220338983050847,0.4000000000000001,0.5,3,yes,no,no,yes,0,1,no,0
0.35922330097087374,0.028813559322033888,0.8,0.0,2,no,no,yes,no,0,0,no,1
0.35922330097087374,0.2740112994350282,0.4000000000000001,0.0,1,yes,yes,yes,no,0,2,no,1
0.35922330097087374,0.2090395480225989,0.6000000000000001,0.0,2,yes,no,no,no,0,2,no,0
0.35922330097087374,0.5423728813559321,0.6000000000000001,0.0,2,yes,no,no,no,0,0,no,1
0.3563106796116504,0.26915254237288133,0.2,0.0,1,yes,no,yes,no,0,0,no,0
0.3543689320388349,0.3107344632768361,0.2,0.0,1,yes,no,no,no,0,1,no,1
0.3543689320388349,0.9841807909604521,0.2,0.0,1,yes,no,no,no,0,1,yes,1
0.3504854368932039,0.1977401129943503,0.4000000000000001,0.0,2,yes,no,yes,no,0,2,yes,1
0.3495145631067961,0.5322033898305085,0.2,0.0,1,yes,no,no,no,0,0,no,0
0.3495145631067961,0.5322033898305085,0.2,0.0,2,yes,no,no,no,0,0,no,2
0.3495145631067961,0.3220338983050847,0.2,0.0,1,yes,no,no,no,1,2,no,0
0.3495145631067961,0.059322033898305065,0.4000000000000001,0.0,2,no,yes,yes,no,1,0,no,2
0.3495145631067961,0.3062146892655367,0.6000000000000001,0.0,2,yes,no,no,no,0,0,no,0
0.3495145631067961,0.6915254237288135,0.2,0.0,1,yes,no,no,no,0,1,no,0
0.34466019417475724,0.5649717514124293,0.4000000000000001,0.0,2,yes,yes,no,no,0,0,no,1
0.34466019417475724,0.1284745762711864,0.4000000000000001,0.0,1,yes,no,yes,no,0,0,yes,0
0.3398058252427184,0.43502824858757067,0.4000000000000001,0.0,2,yes,no,no,no,1,0,no,2
0.3398058252427184,0.38305084745762713,0.4000000000000001,0.0,2,yes,no,yes,no,1,0,no,2
0.3398058252427184,0.4745762711864407,0.2,0.0,1,yes,yes,yes,no,0,2,no,1
0.3398058252427184,0.10847457627118645,0.6000000000000001,1.0,2,no,no,no,no,0,0,no,1
0.3398058252427184,0.14723163841807907,0.4000000000000001,0.0,2,yes,no,yes,no,1,0,no,2
0.3398058252427184,0.12395480225988698,0.6000000000000001,0.5,2,no,no,no,no,0,0,no,1
0.3398058252427184,0.311864406779661,0.2,0.0,1,no,no,no,no,0,1,no,2
0.3398058252427184,0.2655367231638418,0.6000000000000001,0.5,2,no,no,no,no,0,0,no,1
0.3398058252427184,0.07627118644067798,0.4000000000000001,0.0,2,no,no,no,no,0,0,no,1
0.3398058252427184,0.3333333333333333,0.4000000000000001,0.5,2,yes,no,no,no,1,1,no,1
0.3398058252427184,0.22485875706214686,0.4000000000000001,0.5,2,yes,no,yes,no,0,0,no,2
0.3398058252427184,0.46892655367231634,0.4000000000000001,0.0,1,yes,no,no,yes,0,2,no,1
0.3398058252427184,0.6045197740112995,0.4000000000000001,0.0,1,yes,no,no,no,0,3,no,0
0.3398058252427184,0.2744632768361582,0.4000000000000001,0.0,3,yes,no,no,no,0,0,no,1
0.3398058252427184,0.2112994350282486,0.4000000000000001,0.0,2,yes,no,no,no,0,0,yes,1
0.3398058252427184,0.055932203389830515,0.4000000000000001,0.0,3,yes,no,no,no,0,1,yes,2
0.3398058252427184,0.3220338983050847,0.4000000000000001,0.0,1,yes,no,yes,no,0,0,no,0
0.3388349514563106,0.7457627118644068,0.4000000000000001,0.0,1,yes,no,yes,no,0,3,no,1
0.3388349514563106,0.2033898305084746,0.4000000000000001,0.0,2,yes,no,no,no,0,1,no,1
0.3349514563106796,0.36045197740112994,0.4000000000000001,0.0,2,yes,no,no,no,0,1,no,1
0.3349514563106796,0.2745762711864407,0.4000000000000001,0.0,2,yes,no,no,no,0,2,no,1
0.3349514563106796,0.27073446327683615,0.4000000000000001,0.0,2,yes,no,yes,no,0,1,no,1
0.33009708737864074,0.33694915254237284,0.6000000000000001,0.0,2,yes,no,no,no,1,0,no,1
0.33009708737864074,0.48983050847457626,0.4000000000000001,0.0,1,yes,no,yes,no,0,0,no,1
0.32912621359223293,0.4983050847457627,0.2,0.0,1,yes,no,yes,no,0,1,no,1
0.3257281553398058,0.22033898305084743,0.4000000000000001,0.0,1,yes,no,yes,no,1,0,yes,0
0.3252427184466019,0.2293785310734463,0.4000000000000001,0.5,2,yes,no,no,no,0,0,no,1
0.3252427184466019,0.27005649717514124,0.2,0.0,2,yes,no,no,no,0,1,no,1
0.3252427184466019,0.44632768361581915,0.2,0.0,1,yes,no,no,no,1,0,no,1
0.3203883495145631,0.48022598870056493,0.6000000000000001,0.5,2,no,no,yes,no,0,1,no,2
0.3203883495145631,0.3776271186440678,0.4000000000000001,0.5,2,yes,no,no,no,0,2,no,2
0.3203883495145631,0.30395480225988697,0.4000000000000001,0.0,1,yes,no,no,no,0,0,no,1
0.3203883495145631,0.15254237288135591,0.6000000000000001,0.0,3,yes,no,yes,no,1,2,no,1
0.3203883495145631,0.3016949152542373,0.4000000000000001,0.0,2,yes,no,no,no,0,2,yes,0
0.31553398058252424,0.223728813559322,0.4000000000000001,0.5,2,yes,no,no,yes,0,2,no,1
0.31553398058252424,0.20451977401129945,0.4000000000000001,0.5,1,yes,no,yes,no,1,1,no,0
0.31553398058252424,0.42372881355932207,0.4000000000000001,0.0,1,yes,no,no,no,0,3,no,1
0.3131067961165048,0.3220338983050847,0.4000000000000001,0.0,2,no,no,yes,no,1,0,no,1
0.3131067961165048,0.20451977401129945,0.6000000000000001,0.0,2,yes,no,no,no,1,0,no,1
0.3106796116504854,0.2768361581920904,0.6000000000000001,0.0,1,no,no,yes,no,0,0,no,2
0.3106796116504854,0.5457627118644068,0.4000000000000001,0.0,2,no,no,no,no,1,1,no,1
0.3106796116504854,0.3220338983050847,0.4000000000000001,0.5,2,no,no,yes,no,1,0,no,1
0.3106796116504854,0.26101694915254237,0.4000000000000001,0.0,2,yes,no,no,no,0,0,no,0
0.3106796116504854,0.2711864406779661,0.2,0.0,2,yes,yes,yes,no,0,0,yes,2
0.30097087378640774,0.6338983050847458,0.4000000000000001,0.5,1,yes,yes,yes,no,0,3,no,0
0.30097087378640774,0.43502824858757067,0.6000000000000001,0.0,2,yes,yes,yes,no,0,0,no,1
0.30097087378640774,0.15254237288135591,0.4000000000000001,0.0,2,yes,no,no,no,0,0,no,1
0.30097087378640774,0.18531073446327684,0.2,0.0,1,yes,no,no,yes,0,1,no,0
0.30097087378640774,0.24474576271186438,0.2,0.0,1,yes,no,yes,no,1,2,no,0
0.30097087378640774,0.7265536723163841,0.4000000000000001,0.0,1,yes,no,no,no,1,2,no,1
0.30097087378640774,0.055932203389830515,0.6000000000000001,0.5,1,yes,no,yes,no,0,0,yes,2
0.2961165048543689,0.2406779661016949,0.2,0.0,2,yes,yes,yes,no,0,0,no,1
0.2961165048543689,0.17288135593220338,0.6000000000000001,0.5,2,yes,no,no,no,0,0,no,0
0.2912621359223301,0.4124293785310735,0.8,0.5,2,yes,no,no,no,0,0,no,1
0.2912621359223301,0.17288135593220338,0.2,0.5,1,yes,no,yes,no,0,2,no,1
0.2912621359223301,0.6216949152542373,0.4000000000000001,0.0,2,yes,no,no,no,1,0,no,0
0.2912621359223301,0.2745762711864407,0.2,0.0,1,yes,no,no,no,0,0,no,1
0.2912621359223301,0.2485875706214689,0.2,0.0,1,yes,no,no,no,0,0,no,1
0.2912621359223301,0.04124293785310734,0.4000000000000001,0.0,2,yes,no,yes,no,0,0,yes,1
0.2912621359223301,0.05943502824858757,0.2,0.0,2,yes,yes,no,no,0,0,yes,1
0.28932038834951457,0.192090395480226,0.4000000000000001,0.0,2,yes,no,no,no,0,0,no,2
0.28640776699029125,0.1694915254237288,0.2,0.5,1,no,no,yes,no,0,0,no,1
0.2815533980582524,0.3581920903954802,0.4000000000000001,0.0,2,yes,no,no,no,0,0,no,1
0.2815533980582524,0.2,0.2,0.0,2,yes,no,no,yes,0,1,no,1
0.2815533980582524,0.22033898305084743,0.2,0.0,1,yes,no,no,no,0,0,no,1
0.2815533980582524,0.47231638418079097,0.2,0.0,1,yes,no,no,no,0,2,no,2
0.2815533980582524,0.13627118644067798,0.4000000000000001,0.0,3,yes,no,no,no,0,0,yes,0
0.2815533980582524,0.7627118644067796,0.2,0.0,1,yes,no,no,no,0,1,no,0
0.2805825242718446,0.7457627118644068,0.4000000000000001,0.0,1,yes,no,no,no,0,2,no,0
0.2805825242718446,0.09830508474576272,0.8,0.5,1,no,no,yes,no,1,1,no,0
0.2805825242718446,0.5966101694915253,0.6000000000000001,0.0,2,no,no,no,no,0,1,no,0
0.2766990291262136,0.20677966101694917,0.2,0.0,1,yes,no,no,no,0,0,yes,1
0.27184466019417475,0.22033898305084743,0.4000000000000001,0.0,1,yes,no,no,no,0,1,no,2
0.27184466019417475,0.27005649717514124,0.2,0.0,1,yes,no,no,no,0,0,no,1
0.27184466019417475,0.49378531073446325,0.4000000000000001,0.0,1,yes,no,no,no,0,0,no,1
0.27184466019417475,0.2711864406779661,0.2,0.0,1,yes,no,no,no,0,0,no,0
0.27184466019417475,0.21853107344632766,0.2,0.0,1,yes,no,no,yes,0,0,no,1
0.27087378640776694,0.16610169491525423,0.4000000000000001,0.0,2,no,no,yes,yes,0,0,no,1
0.27087378640776694,0.4293785310734463,0.2,0.0,1,yes,no,no,no,0,0,no,0
0.2669902912621359,0.223728813559322,0.2,0.0,1,yes,no,yes,no,0,0,no,0
0.2669902912621359,0.223728813559322,0.2,0.0,1,yes,no,no,no,1,0,no,2
0.2669902912621359,0.4508474576271186,0.2,0.0,1,no,no,no,no,0,0,no,1
0.2669902912621359,0.22033898305084743,0.2,0.0,1,yes,no,no,no,0,0,no,0
0.2621359223300971,0.29717514124293787,0.2,0.0,1,yes,no,no,no,1,2,no,1
0.2621359223300971,0.21694915254237285,0.4000000000000001,0.0,2,yes,no,yes,no,0,0,no,1
0.2621359223300971,0.17288135593220338,0.4000000000000001,0.0,2,no,no,yes,no,0,0,no,1
0.2621359223300971,0.15254237288135591,0.2,0.0,2,yes,no,no,no,1,0,no,0
0.2621359223300971,0.2112994350282486,0.2,0.5,1,yes,no,yes,no,0,0,no,1
0.2621359223300971,0.4870056497175141,0.4000000000000001,0.0,2,yes,yes,yes,no,0,0,no,2
0.2621359223300971,0.280225988700565,0.4000000000000001,0.5,2,yes,no,no,no,0,2,no,1
0.2621359223300971,0.13559322033898302,0.4000000000000001,0.5,2,no,no,yes,no,0,0,yes,2
0.2621359223300971,0.07062146892655369,0.4000000000000001,0.0,3,yes,no,no,yes,1,0,yes,1
0.26116504854368927,0.2112994350282486,0.4000000000000001,0.0,1,yes,no,no,no,0,2,yes,2
0.25728155339805825,0.3220338983050847,0.2,0.0,1,yes,no,no,no,0,0,no,1
0.25728155339805825,0.2655367231638418,0.2,0.0,1,yes,no,no,no,0,0,yes,1
0.2524271844660194,0.1694915254237288,0.4000000000000001,0.0,2,yes,no,yes,no,0,0,no,0
0.2524271844660194,0.3220338983050847,0.6000000000000001,0.5,2,yes,no,yes,no,0,2,no,0
0.2524271844660194,0.3220338983050847,0.2,0.0,1,no,no,no,no,0,0,no,0
0.2524271844660194,0.22485875706214686,0.2,0.0,1,yes,no,no,no,0,0,no,2
0.24757281553398056,0.2485875706214689,0.4000000000000001,0.0,1,yes,no,no,no,0,2,no,2
0.24271844660194172,0.29265536723163843,0.4000000000000001,0.0,2,yes,no,no,no,1,0,no,1
0.24271844660194172,0.22598870056497172,0.4000000000000001,0.0,2,yes,no,no,no,0,0,no,2
0.24271844660194172,0.3333333333333333,0.6000000000000001,0.0,2,yes,no,no,no,0,0,no,1
0.24271844660194172,0.054802259887005655,0.4000000000000001,0.5,2,no,no,no,no,0,0,no,2
0.24271844660194172,0.1566101694915254,0.4000000000000001,0.0,2,yes,no,yes,no,0,0,no,1
0.24271844660194172,0.26440677966101694,0.4000000000000001,0.0,2,yes,no,no,no,0,0,no,1
0.24271844660194172,0.6524293785310735,0.4000000000000001,0.0,1,no,no,no,no,0,0,no,2
0.24271844660194172,0.20677966101694917,0.4000000000000001,0.0,1,no,no,no,no,1,0,no,2
0.24271844660194172,0.22033898305084743,1.0000000000000002,0.0,2,yes,no,no,no,0,1,no,2
0.24271844660194172,0.22485875706214686,0.2,0.0,1,yes,no,no,no,0,1,no,1
0.24271844660194172,0.48022598870056493,0.2,0.0,1,yes,no,no,no,0,1,no,0
0.24271844660194172,0.16610169491525423,0.4000000000000001,0.0,2,yes,no,no,no,0,1,no,2
0.24271844660194172,0.6440677966101696,0.2,0.0,1,yes,no,no,no,0,1,no,1
0.24271844660194172,0.2103954802259887,0.2,0.0,1,yes,no,no,no,0,1,yes,2
0.24271844660194172,0.887005649717514,0.4000000000000001,0.0,2,yes,no,no,no,0,3,yes,2
0.24271844660194172,0.4779661016949152,0.2,0.0,1,yes,no,no,no,0,0,no,2
0.24174757281553397,0.3672316384180791,0.4000000000000001,0.0,2,no,no,no,no,0,0,no,2
0.2378640776699029,0.15932203389830507,0.4000000000000001,0.0,1,yes,no,no,no,0,0,no,2
0.2378640776699029,0.4146892655367232,0.2,0.0,1,yes,no,no,no,0,1,yes,2
0.2378640776699029,0.055932203389830515,0.4000000000000001,0.0,3,yes,no,no,no,0,0,yes,0
0.23300970873786406,0.2655367231638418,0.2,0.0,1,yes,no,no,no,0,0,no,2
0.23300970873786406,0.1734463276836158,0.2,0.0,1,yes,no,no,no,0,2,no,2
0.23300970873786406,0.2485875706214689,0.4000000000000001,0.0,1,yes,no,no,no,0,0,no,2
0.23300970873786406,0.055932203389830515,0.4000000000000001,0.0,3,yes,no,no,no,0,0,yes,0
0.23300970873786406,0.10847457627118645,0.4000000000000001,0.0,2,yes,no,yes,no,0,0,yes,2
0.23300970873786406,0.033898305084745756,0.4000000000000001,0.5,2,yes,no,yes,no,0,0,yes,2
0.2320388349514563,0.27005649717514124,0.2,0.0,1,yes,no,no,no,0,0,no,2
0.22815533980582522,0.35423728813559324,0.4000000000000001,0.0,2,yes,yes,yes,no,1,1,no,0
0.22815533980582522,0.2033898305084746,0.4000000000000001,0.0,1,yes,no,yes,no,0,2,no,2
0.22815533980582522,0.22485875706214686,0.2,0.0,1,yes,no,no,no,0,0,no,0
0.2233009708737864,0.2090395480225989,0.6000000000000001,0.0,2,yes,no,no,no,1,2,no,2
0.2233009708737864,0.37401129943502825,0.6000000000000001,0.0,3,no,no,no,no,0,0,no,1
0.2233009708737864,0.2790960451977401,0.2,0.0,2,yes,no,no,no,0,0,no,2
0.2233009708737864,0.35028248587570615,0.2,0.0,1,yes,no,no,no,0,0,no,2
0.2233009708737864,0.23389830508474574,0.2,0.0,1,no,no,no,no,1,0,no,2
0.2233009708737864,0.23728813559322032,0.4000000000000001,0.0,1,yes,no,no,no,0,0,no,2
0.2233009708737864,0.1638418079096045,0.4000000000000001,0.0,2,no,no,yes,no,0,0,no,1
0.2233009708737864,0.1734463276836158,0.2,0.0,1,yes,no,yes,no,0,2,no,0
0.22233009708737864,0.11864406779661019,0.4000000000000001,0.0,1,no,no,no,no,0,0,no,0
0.21941747572815531,0.055932203389830515,0.4000000000000001,0.0,2,yes,no,yes,no,0,0,yes,0
0.21844660194174756,0.27005649717514124,0.2,0.0,1,yes,no,no,no,0,1,no,2
0.21844660194174756,0.3531073446327683,0.6000000000000001,0.0,2,yes,no,no,no,0,0,no,2
0.21359223300970873,0.096045197740113,0.2,0.0,1,no,no,no,no,1,0,no,2
0.21359223300970873,0.17288135593220338,0.6000000000000001,0.0,2,yes,no,yes,no,1,0,no,2
0.21359223300970873,0.4983050847457627,0.4000000000000001,0.0,1,yes,yes,yes,no,0,0,no,0
0.21359223300970873,0.20677966101694917,0.6000000000000001,0.0,2,no,no,no,no,0,1,no,1
0.21359223300970873,0.24203389830508476,0.6000000000000001,0.0,2,yes,no,no,no,0,0,no,1
0.21359223300970873,0.27005649717514124,0.2,0.0,1,yes,no,no,no,0,0,no,2
0.21359223300970873,0.055932203389830515,0.4000000000000001,0.0,2,yes,no,yes,no,0,0,yes,0
0.21359223300970873,0.4779661016949152,0.4000000000000001,0.0,1,yes,no,no,no,0,1,no,2
0.2087378640776699,0.3220338983050847,0.2,0.0,1,no,no,no,no,0,0,no,1
0.2087378640776699,0.2576271186440678,0.2,0.0,1,no,no,no,no,0,0,no,2
0.20582524271844663,0.22485875706214686,0.6000000000000001,0.0,2,yes,no,yes,no,0,0,no,2
0.20388349514563106,0.30734463276836155,0.4000000000000001,0.0,2,yes,no,no,no,0,0,no,2
0.20388349514563106,0.11683615819209037,0.2,0.0,1,yes,no,no,no,1,1,no,2
0.20388349514563106,0.3016949152542373,0.4000000000000001,0.0,1,no,no,no,no,0,1,no,2
0.20388349514563106,0.16610169491525423,0.4000000000000001,0.0,2,no,no,no,no,0,0,no,0
0.1941747572815534,0.2033898305084746,0.0,0.0,1,yes,no,no,no,0,0,no,0
0.1941747572815534,0.263954802259887,0.2,0.5,1,no,yes,yes,no,0,1,no,2
0.1941747572815534,0.2090395480225989,0.2,0.0,1,no,no,yes,no,0,0,no,1
0.1941747572815534,0.27627118644067794,0.2,0.0,1,yes,no,no,no,0,2,no,1
0.1941747572815534,0.0,0.4000000000000001,0.0,2,no,no,yes,no,0,0,no,2
0.1941747572815534,0.2033898305084746,0.4000000000000001,0.0,2,yes,no,yes,no,0,0,no,1
0.1941747572815534,0.576271186440678,0.2,0.0,1,yes,no,no,no,0,0,no,1
0.1941747572815534,0.8305084745762712,0.4000000000000001,0.0,2,yes,no,no,no,0,2,no,1
0.1941747572815534,0.16033898305084743,0.2,0.0,1,yes,no,no,no,0,1,no,2
0.19320388349514564,0.3220338983050847,0.4000000000000001,0.0,2,yes,no,no,no,1,0,no,2
0.19126213592233007,0.4344632768361582,0.4000000000000001,0.0,1,yes,no,yes,no,0,0,no,2
0.18985436893203886,0.08451977401129945,0.4000000000000001,0.0,1,yes,no,no,no,0,0,yes,1
0.18932038834951456,0.15254237288135591,0.4000000000000001,0.0,1,no,no,no,no,1,0,no,2
0.18932038834951456,0.2485875706214689,0.4000000000000001,0.0,2,yes,no,no,no,0,0,no,2
0.18932038834951456,0.2090395480225989,0.2,0.0,1,yes,no,no,no,0,0,no,2
0.18543689320388348,0.728813559322034,0.2,0.0,1,yes,no,no,no,0,1,no,2
0.18446601941747573,0.37401129943502825,0.2,0.0,1,yes,no,yes,no,1,0,no,2
0.18446601941747573,0.057627118644067804,0.4000000000000001,0.0,2,no,no,yes,no,0,0,no,1
0.18446601941747573,0.16271186440677965,0.2,0.0,1,yes,yes,yes,no,0,0,no,2
0.18446601941747573,0.3220338983050847,0.2,0.0,2,yes,no,no,yes,0,1,no,1
0.1796116504854369,0.24293785310734461,0.2,0.0,1,yes,no,no,no,0,0,no,2
0.17475728155339806,0.16271186440677965,0.4000000000000001,0.0,2,no,no,no,no,0,0,no,1
0.17475728155339806,0.17966101694915254,0.4000000000000001,0.0,2,yes,no,no,no,0,2,no,1
0.17475728155339806,0.13389830508474576,0.2,0.0,1,yes,no,no,no,0,0,no,1
0.17475728155339806,0.3333333333333333,0.2,0.0,1,yes,no,no,no,0,0,no,0
0.17475728155339806,0.38711864406779656,0.4000000000000001,0.0,1,no,no,no,no,0,0,no,2
0.17475728155339806,0.23728813559322032,0.4000000000000001,0.0,2,yes,no,no,no,0,0,no,2
0.17475728155339806,0.223728813559322,0.6000000000000001,0.0,2,yes,no,no,no,0,3,no,1
0.1737864077669903,0.7231638418079096,0.2,0.0,1,yes,no,no,no,0,0,no,2
0.16990291262135923,0.30531073446327683,0.6000000000000001,0.0,2,no,no,no,no,0,1,no,2
0.16796116504854366,0.15254237288135591,0.2,0.0,2,yes,no,no,no,0,0,no,1
0.1650485436893204,0.4745762711864407,0.4000000000000001,0.0,2,yes,no,yes,no,0,1,no,2
0.1650485436893204,0.37401129943502825,0.2,0.0,1,yes,no,no,no,0,0,no,2
0.1650485436893204,0.22033898305084743,0.4000000000000001,0.0,2,no,no,no,no,0,1,no,2
0.1650485436893204,0.22711864406779658,0.6000000000000001,0.0,2,no,no,no,no,0,0,no,2
0.1650485436893204,0.20677966101694917,0.4000000000000001,0.0,2,no,no,no,no,0,1,no,1
0.1650485436893204,0.11864406779661019,0.2,0.0,1,no,no,no,no,0,0,no,0
0.1650485436893204,0.1694915254237288,0.4000000000000001,0.0,2,no,no,no,no,0,0,no,2
0.1650485436893204,0.5610169491525423,0.4000000000000001,0.0,2,yes,no,no,no,0,0,no,1
0.15533980582524273,0.15706214689265535,0.2,0.0,1,no,no,no,no,0,0,no,2
0.15533980582524273,0.223728813559322,0.2,0.0,1,yes,no,no,no,0,0,no,2
0.15533980582524273,0.4915254237288135,0.2,0.0,1,yes,no,no,no,0,0,no,1
0.15533980582524273,0.42372881355932207,0.6000000000000001,0.0,2,yes,no,no,no,0,0,no,2
0.15291262135922332,0.4011299435028249,0.6000000000000001,0.0,3,yes,no,no,no,0,0,no,2
0.1504854368932039,0.1864406779661017,0.4000000000000001,0.0,2,no,no,no,no,0,1,no,1
0.1504854368932039,0.30508474576271183,0.4000000000000001,0.0,2,no,no,no,yes,0,1,no,2
0.1504854368932039,0.11186440677966103,0.2,0.0,1,no,no,no,no,0,1,no,0
0.14563106796116507,0.11299435028248589,0.4000000000000001,0.0,2,yes,no,yes,no,0,1,no,2
0.14563106796116507,0.26101694915254237,0.4000000000000001,0.0,1,yes,no,no,no,0,0,no,0
0.1359223300970874,0.5819209039548023,0.2,0.0,1,yes,no,no,no,0,0,no,2
0.1359223300970874,0.2655367231638418,0.4000000000000001,0.0,2,yes,no,no,no,0,1,no,2
0.13106796116504857,0.2655367231638418,0.2,0.0,1,yes,no,no,no,0,0,no,2
0.12621359223300974,0.25807909604519774,0.2,0.0,1,yes,no,no,no,0,0,no,2
0.12621359223300974,0.03954802259887005,0.2,0.0,2,yes,no,no,no,0,0,no,1
0.12621359223300974,0.223728813559322,0.4000000000000001,1.0,2,no,yes,no,no,0,0,no,2
0.12621359223300974,0.12994350282485873,0.4000000000000001,0.0,1,yes,no,no,no,0,0,no,2
0.12621359223300974,0.08813559322033898,0.4000000000000001,0.0,1,no,no,no,no,0,0,no,2
0.12621359223300974,0.20677966101694917,0.2,0.0,1,yes,no,no,no,0,1,no,1
0.12621359223300974,0.2655367231638418,0.4000000000000001,0.0,1,yes,no,no,no,0,0,no,1
0.12524271844660192,0.1734463276836158,0.2,0.0,1,yes,no,no,no,1,0,no,2
0.12524271844660192,0.2655367231638418,0.4000000000000001,0.0,2,yes,no,no,no,1,0,no,2
0.11844660194174758,0.14237288135593218,0.2,0.0,1,no,no,no,no,0,0,no,2
0.11650485436893207,0.22033898305084743,0.2,0.0,1,yes,no,no,no,0,0,no,2
0.11650485436893207,0.3107344632768361,0.2,0.0,1,yes,no,no,no,0,0,no,2
0.11650485436893207,0.22033898305084743,0.2,0.5,2,yes,no,yes,no,0,1,no,0
0.10679611650485435,0.1389830508474576,0.4000000000000001,0.0,1,no,no,no,no,0,0,no,2
0.10679611650485435,0.17288135593220338,0.4000000000000001,0.0,1,no,no,no,no,0,0,no,2
0.10679611650485435,0.15254237288135591,0.2,0.0,2,yes,no,no,no,0,0,no,0
0.10194174757281552,0.3107344632768361,0.4000000000000001,0.0,2,yes,no,no,no,0,0,no,2
0.10194174757281552,0.15254237288135591,0.4000000000000001,0.0,2,no,no,no,no,0,0,no,1
0.09708737864077668,0.17627118644067796,0.4000000000000001,0.0,2,yes,no,yes,no,0,0,no,2
0.09708737864077668,0.17966101694915254,0.2,0.0,1,no,yes,no,no,0,1,no,2
0.09708737864077668,0.15254237288135591,0.2,0.0,1,yes,no,no,no,0,1,no,2
0.09708737864077668,0.2090395480225989,0.2,0.0,1,yes,yes,no,no,0,0,no,2
0.09708737864077668,0.36045197740112994,0.2,0.0,2,yes,no,no,no,0,0,no,2
0.09708737864077668,0.6836158192090396,0.2,0.0,1,yes,no,no,no,0,0,no,2
0.0912621359223301,0.22429378531073446,0.2,0.0,1,no,no,no,no,0,0,no,2
0.08737864077669902,0.09322033898305082,0.4000000000000001,0.0,2,yes,no,no,no,0,0,no,0
0.08737864077669902,0.1284745762711864,0.6000000000000001,0.5,2,yes,no,no,no,0,0,no,0
0.08737864077669902,0.18237288135593221,0.2,0.0,1,yes,no,no,no,0,0,no,2
0.08252427184466019,0.22485875706214686,0.2,0.0,1,yes,no,no,no,0,0,no,2
0.07766990291262135,0.17288135593220338,0.2,0.0,1,yes,no,no,no,0,0,no,2
0.07281553398058252,0.021016949152542375,0.2,0.0,1,no,no,yes,no,0,0,no,1
0.07281553398058252,0.2621468926553672,0.0,0.0,1,no,no,no,no,0,0,no,2
0.07281553398058252,0.2621468926553672,0.4000000000000001,0.0,2,yes,no,yes,no,0,0,no,2
0.06796116504854369,0.033898305084745756,0.4000000000000001,0.0,1,no,no,no,yes,0,0,no,2
0.06699029126213593,0.4124293785310735,0.4000000000000001,0.0,1,no,no,no,no,1,0,yes,2
0.05339805825242719,0.15254237288135591,0.2,0.0,1,no,no,no,no,0,0,no,2
0.048543689320388356,0.0847457627118644,0.4000000000000001,0.0,2,yes,no,no,no,0,0,no,2
0.048543689320388356,0.15254237288135591,0.6000000000000001,0.0,2,yes,no,no,no,0,0,no,2
0.048543689320388356,0.19322033898305085,0.2,0.0,1,yes,no,no,no,0,1,no,2
0.029126213592233025,0.2,0.8,0.0,2,no,no,no,no,0,0,no,2
0.01941747572815536,0.005649717514124297,0.4000000000000001,0.0,2,yes,no,no,no,0,0,no,2
0.01941747572815536,0.22587570621468928,0.2,0.0,1,yes,no,no,no,0,0,no,2
0.014563106796116526,0.15141242937853105,0.2,0.0,1,no,no,no,no,0,1,no,2
0.009708737864077693,0.15254237288135591,0.2,0.0,1,yes,no,yes,no,0,2,no,2
0.002378640776699026,0.0847457627118644,0.4000000000000001,0.0,1,no,no,no,no,0,0,no,1
0.0,0.22259887005649714,0.2,0.0,1,yes,no,no,no,0,0,no,2
0.0,0.14237288135593218,0.4000000000000001,0.0,1,no,no,no,no,0,0,no,0
0.0,0.2485875706214689,0.4000000000000001,0.0,2,yes,no,no,no,0,0,no,2
