Student_ID,Gender,Age,Attendance,Study_Hours,Assignment_Score,Internal_Marks,Final_Marks
S001,1,-1.2493900951088486,0.968116735629512,-0.0962009377731435,0.0401790894766129,-0.03537125970914893,0.13275398682803288
S002,0,-0.46852128566581824,0.44919319224350857,0.37307192941292217,0.4075307646913583,0.5164203917535758,0.40276209563080995
S003,1,0.31234752377721203,-1.1075774379145014,-1.034746672145275,-1.1537138549713093,-1.1389545626345998,-1.1272838542515982
S004,0,-1.2493900951088486,1.3573093931690148,1.3116176637850534,1.1422341151208475,1.0682120432163005,1.2127864220391444
S005,1,1.0932163332202423,-0.4589230086819959,-0.5654738049592092,-0.5108484233455052,-0.5871629111718745,-0.49726493371178343
S006,0,-0.46852128566581824,0.5789240780900107,0.8423447965989879,0.5912066022987302,0.792316217484939,0.6727702044335886
S007,1,0.31234752377721203,-2.2751554105330083,-1.9732924065174062,-2.072093043008172,-1.6907462140973246,-2.0273108835941915
S008,0,-1.2493900951088486,0.8383858497830116,0.37307192941292217,0.7748824399061021,0.792316217484939,0.8527756103021067
S009,1,1.8740851426632725,-1.4967700954540044,-1.5040195393313405,-1.6129034489897407,-1.4148503883659622,-1.5772973689228948
S010,0,-0.46852128566581824,1.6167711648620173,1.7808905309711192,1.509585790335593,1.3441078689476638,1.482794530841923
S011,1,-1.2493900951088486,-0.06973035114249475,-0.0962009377731435,-0.1434967481307598,-0.311267085440512,-0.13725412197474576
S012,0,0.31234752377721203,0.7086549639365111,0.8423447965989879,0.9585582775134756,1.0682120432163005,0.9427783132363657
S013,1,1.0932163332202423,-0.7183847803749984,-1.034746672145275,-0.8782000985602498,-0.8630587369032368,-0.9472784483830802
S014,0,-0.46852128566581824,1.097847621476014,1.3116176637850534,1.2340720339245335,1.3441078689476638,1.3027891249734034
S015,1,0.31234752377721203,0.06000053470400739,-0.0962009377731435,-0.05165882932707385,-0.03537125970914893,-0.04725141904048675
S016,0,-1.2493900951088486,0.3194623063970082,0.37307192941292217,0.3156928458876707,0.24052456602221273,0.31275939269655095
S017,1,1.8740851426632725,-2.0156936388400077,-1.6917286862057668,-1.7965792865971124,-1.6907462140973246,-1.8473054777256737
S018,0,1.0932163332202423,1.2275785073225145,1.49932681065948,1.325909952728221,1.3441078689476638,1.392791827907664
S019,1,-0.46852128566581824,-0.32919212283549554,-0.3777646580847827,-0.3271725857381325,-0.311267085440512,-0.3172595278432646
S020,0,0.31234752377721203,0.7086549639365111,1.123908516910627,1.0503961963171615,1.0682120432163005,1.0327810161706263
S021,1,-1.2493900951088486,-0.8481156662214989,-0.7531829518336356,-0.7863621797565639,-0.8630587369032368,-0.7672730425145613
S022,0,-0.46852128566581824,0.1897314205505078,0.27921735597570896,0.2238549270839848,0.24052456602221273,0.2227566897622919
S023,1,0.31234752377721203,-1.2373083237610019,-1.128601245582488,-1.2455517737749953,-1.1389545626345998,-1.217286557185858
S024,0,-1.2493900951088486,1.487040279015517,1.6870359575339064,1.601423709139279,1.6200036946790268,1.572797233776182
S025,1,1.0932163332202423,-0.19946123698899515,-0.28391008464756995,-0.23533466693444655,-0.311267085440512,-0.22725682490900478
S026,0,0.31234752377721203,0.44919319224350857,-0.0962009377731435,0.49936868349504426,0.5164203917535758,0.492764798565069
S027,1,-0.46852128566581824,-0.588653894528498,-0.4716192315219959,0.08609804887845587,-0.5871629111718745,-0.5872676366460424
S028,1,-1.2493900951088486,0.8383858497830116,0.5607810762873486,0.6830445211024161,0.792316217484939,0.7627729073678476
S029,1,1.8740851426632725,0.12486597762725758,-0.8470375252708484,-0.6945242609528779,-0.8630587369032368,-0.6772703395803015
S030,0,-0.46852128566581824,0.06000053470400739,0.18536278253849575,0.13201700828029886,,0.13275398682803288
S031,1,0.31234752377721203,-0.977846552068001,-0.9408920987080616,-1.0618759361676224,-1.1389545626345998,-1.0372811513173392
S032,0,-1.2493900951088486,0.968116735629512,0.9361993700362007,0.8667203587097897,1.0682120432163005,0.8527756103021067
S033,1,1.0932163332202423,-1.3670392096075021,-1.2224558190197012,-1.3373896925786812,-1.4148503883659622,-1.3072892601201171
S034,0,0.31234752377721203,0.5789240780900107,0.466926502850135,0.5912066022987302,0.5164203917535758,0.5827675014993297
S035,1,-0.46852128566581824,-0.4589230086819959,-0.5654738049592092,-0.41901050454181843,-0.5871629111718745,-0.4072622307775236
S036,0,-1.2493900951088486,1.097847621476014,1.4054722372222663,1.417747871531907,1.3441078689476638,1.392791827907664
S037,1,0.31234752377721203,-1.8859627529935055,-1.5978741127685536,-1.8884172054007993,-1.6907462140973246,-1.7573027747914138
S038,0,1.0932163332202423,0.3194623063970082,0.6546356497245615,0.4075307646913583,0.5164203917535758,0.40276209563080995
S039,1,1.8740851426632725,-0.7183847803749984,-0.6593283783964223,-0.6026863421491911,-0.5871629111718745,-0.5872676366460424
S040,0,-0.46852128566581824,0.7086549639365111,1.0300539434734142,0.9585582775134756,1.0682120432163005,0.9427783132363657
