Title,Author,Publication_Year,Publisher,ISBN
Learning Python,Mark Lutz,1999.0,,
Python For Data Analysis,Wes McKinney,2012.0,,
Fluent Python,Luciano Ramalho,2015.0,,
Black Hat Python,Justin Seitz,2014.0,,
Python Cookbook,Alex Martelli,2002.0,,
Python,Mark Lutz,1998.0,,
Core Python Programming,R. Nageswara Rao,2016.0,,
Programming Python,Mark Lutz,1996.0,,
Automate the Boring Stuff with Python,Al Sweigart,2015.0,,
Think Python,Allen B. Downey,2009.0,,
Python,Joshua Welsh,2017.0,,
Core Python programming,Wesley Chun,2006.0,,
Effective Python,Brett Slatkin,2015.0,,
"Python Crash Course, 2nd Edition",Eric Matthes,2019.0,,
"Python, The Complete Reference",Martin C. Brown,2001.0,,
"Python Crash Course, 3rd Edition",Eric Matthes,2022.0,,
Beginning Python,James R. Payne,2010.0,,
Head First Python,Paul Barry,2010.0,,
Python! python!,Steve Chimombo,1992.0,,
Deep Learning with Python,Francois Chollet,2017.0,,
Python,Byron Francis,2016.0,,
Data science from scratch,Joel Grus,2015.0,,
Introduction to Machine Learning with Python,Andreas C. Mueller,2016.0,,
Python for Everybody,Charles R. Severance,2016.0,,
Python crash course,Eric Matthes,2015.0,,
Python Basics,David Amos,2021.0,,
Pythons' Autobiography by the Pythons,Monty Python,2003.0,,
Programming in Python 3,Mark Summerfield,2009.0,,
Python Distilled,David M. Beazley,2021.0,,
Python,Martin Evans,2018.0,,
Python Programming,Reema Thareja,2019.0,,
Python Playground,Mahesh Venkitachalam,2015.0,,
Python for dummies,Stef Maruch,2006.0,,
Python in a Nutshell,Alex Martelli,2002.0,,
Python for Kids,Jason R. Briggs,2012.0,,
The Python Project,Victor Canning,1967.0,,
Starting out with Python,Tony Gaddis,2008.0,,
Python programming,John M. Zelle,2003.0,,
Let Us Python,Yashavant Kanetkar,2019.0,,
Python Data Science Handbook,Jake VanderPlas,2016.0,,
Python essential reference,David M. Beazley,2000.0,,
PYTHON Exercises,Ray Yao,2021.0,,
A Plague of Pythons,Frederik Pohl,1965.0,,
Michael Palin Diaries 1969-1979,Michael Palin,2006.0,,
Python,Andy Vickler,2021.0,,
Python All-in-One For Dummies,John Shovic,2019.0,,
Data Structures and Algorithms in Python,Michael T. Goodrich,2012.0,,
Python Programming,Sarah Stewart,2019.0,,
Python Programming Crash Course,Alex Jaxson,2022.0,,
Introduction To Computation And Programming Using Python,John Guttag,2013.0,,
Python Algorithms,Magnus Lie Hetland,2010.0,,
Intro to Python,Programming For Scientists,2020.0,,
Dive into Python,Mark Pilgrim,2004.0,,
Python Programming,Adam Stewart,2016.0,,
Python for Geeks,Muhammad Asif,2021.0,,
Monty Python & the Holy Grail,Monty Python,1977.0,,
Python machine learning,Sebastian Raschka,2015.0,,
Python Programming,"Naveen ,Kumar and Taneja Sheetal",2017.0,,
Python Tricks: A Buffet of Awesome Python Features,Dan Bader,2017.0,,
Django for Beginners,William S. Vincent,2018.0,,
Python for Beginners : 2 Books in 1,Programming Languages ACADEMY,2021.0,,
Learn More Python 3 the Hard Way: The Next Step for New Python Programmers (Zed Shaw's Hard Way Series),Zed Shaw,2017.0,,
Python for Finance: Analyze Big Financial Data,Yves Hilpisch,2014.0,,
Natural Language Processing With Python,Edward Loper,2009.0,,
Python's Party,Brian Wildsmith,1974.0,,
Foundations of Python network programming,John Goerzen,2004.0,,
Belajar Pemrograman dan Hacking Menggunakan Python,Wardana,2019.0,,
Introducing Python,Bill Lubanovic,2013.0,,
Data Science,Tiffany-Anne Timbers,2022.0,,
Python 201,Michael Driscoll,2016.0,,
Python,Jim Knowlton,2008.0,,
Python for Data & Analytics,Daniel Groner,2022.0,,
Die Riesenschlange Sansibar,Eric Carle,1986.0,,
Introduction to Python Programming,Gowrishankar S,2018.0,,
Starting Out with Python,Tony Gaddis,2020.0,,
Python,Christopher Cheng,2013.0,,
Python Basics,,2019.0,,
Programming for Beginners : This Book Includes,Matthew Python,2020.0,,
Python for Everyone,Cay S. Horstmann,2013.0,,
Curso Intensivo de Python,Eric Matthes,2016.0,,
Understanding coding with Python,Patricia Harris,2016.0,,
Concetti di informatica e fondamenti di Python,Cay S. Horstmann,,,
Monty Python's the meaning of life,Monty Python,1983.0,,
Python for bioinformatics,Sebastian Bassi,2009.0,,
Python programming in context,Bradley N. Miller,2009.0,,
Fundamentals of Python Programming,Richard L. Halterman,2018.0,,
Web Scraping with Python,Ryan Mitchell,2015.0,,
Python : Programming,iCode Academy,2017.0,,
Python 3,James R. Parker,2016.0,,
Python scripts for Abaqus,Gautam Puri,2011.0,,
Monty Python's Big Red Book,Monty Python,1971.0,,
Elements of programming interviews in Python,Adnan Aziz,2017.0,,
Python for Data Science for Dummies,John Paul Mueller,2015.0,,
Game Development Using Python,James R. Parker,2018.0,,
Learning Scientific Programming with Python,Christian Hill,2015.0,,
Programming the Raspberry Pi,Simon Monk,2012.0,,
Murach's Python Programming (2nd Edition),Joel Murach,2016.0,,
"Think Like a Programmer, Python Edition",V. Anton Spraul,,,
Python for kids for dummies,Brendan Scott,2015.0,,
Game Programming With Python (Game Development Series),Sean Riley,2003.0,,
